"Timestamp","Who are you?","At what time, do you prefer to visit a Restaurant?","How much money do you typically spend per person for a meal at a restaurant in Pondicherry?","When you visit a Restaurant, how important are the following? (5 being the most important)? [Quality of Food]","When you visit a Restaurant, how important are the following? (5 being the most important)? [Friendly/Fast Service]","When you visit a Restaurant, how important are the following? (5 being the most important)? [Special Ordering/Customizing Your Meal]","When you visit a Restaurant, how important are the following? (5 being the most important)? [Convenience/Location]","When you visit a Restaurant, how important are the following? (5 being the most important)? [Price]","When you visit a Restaurant, how important are the following? (5 being the most important)? [Dining Environment]","Would you like to try cuisines that are inspired from different cultures and that are currently unavailable in Pondicherry?","What type of dining room do you prefer?","How do you inform yourself about the restaurants of Pondicherry?","What is your gender?","What is your age?","To help us preserve the integrity of this survey, please write your name and sign below."
"2017/01/31 7:21:37 AM GMT","Local Resident","Lunch","₹ 75-150","2","4","2","4","5","4","Yes","Fast Casual","Random","Male","22-30",""
"2017/01/31 7:23:10 AM GMT","Local Resident","Evening Snacks","₹ 75-150","3","4","3","5","3","3","May be","Relaxed","Recommendation from friends","Male","22-30",""
"2017/01/31 7:24:42 AM GMT","Tourist","Dinner","₹ 75-150","5","","","","","5","May be","Fast Casual","Recommendation from friends","Male","22-30",""
"2017/01/31 7:25:41 AM GMT","Local Resident","Evening Snacks;Dinner","₹ 75-150","5","5","5","5","3","4","Yes","Relaxed","Recommendation from friends","Male","22-30",""
"2017/01/31 7:26:49 AM GMT","Local Resident","Lunch","₹ 75-150","5","5","5","3","3","5","Yes","Relaxed","Recommendation from friends","Male","41-50",""
"2017/01/31 7:27:42 AM GMT","Local Resident","Evening Snacks","₹ 250-350","5","3","3","3","3","5","May be","Relaxed","Recommendation from friends","Female","16-21",""
"2017/01/31 7:28:30 AM GMT","Local Resident","Lunch","₹ 75-150","4","5","4","2","3","1","May be","Formal","Internet","Male","16-21",""
"2017/01/31 7:29:09 AM GMT","Local Resident","Lunch","₹ 75-150","3","4","3","3","4","4","May be","Formal","Random","Male","16-21",""
"2017/01/31 7:29:42 AM GMT","Local Resident","Lunch","₹ 75-150","5","5","5","5","5","5","May be","Formal","Recommendation from friends","Female","16-21",""
"2017/01/31 7:30:51 AM GMT","Local Resident","Lunch","₹ 75-150","4","5","5","","2","5","Yes","Formal","Recommendation from friends","Male","16-21",""
"2017/01/31 7:31:30 AM GMT","Local Resident","Lunch","₹ 75-150","3","4","5","4","4","4","May be","Formal","Recommendation from friends","Male","16-21",""
"2017/01/31 7:32:41 AM GMT","Tourist","Lunch","₹ 150-250","2","5","5","5","5","5","May be","Formal","Recommendation from friends","Male","16-21",""
"2017/01/31 7:33:23 AM GMT","Tourist","Dinner","₹ 350+","5","5","5","5","5","5","Yes","Doesn't Matter","Recommendation from friends","Male","22-30",""
"2017/01/31 7:34:09 AM GMT","Local Resident","Dinner","₹ 150-250","5","5","3","5","5","4","May be","Relaxed","Recommendation from friends","Male","22-30",""
"2017/01/31 7:34:54 AM GMT","Local Resident","Lunch","₹ 75-150","1","2","1","2","1","5","Yes","Formal","Internet","Female","16-21",""
"2017/01/31 7:36:04 AM GMT","Tourist","Lunch","₹ 350+","4","3","3","4","2","4","Yes","Relaxed","Internet","Male","22-30",""
"2017/01/31 7:36:56 AM GMT","Tourist","Evening Snacks","₹ 150-250","5","5","4","5","5","5","Yes","Relaxed","Internet;Random","Male","22-30",""
"2017/01/31 7:37:51 AM GMT","Local Resident","Lunch","₹ 75-150","1","1","1","1","1","1","May be","Formal","Recommendation from friends","Female","16-21",""
"2017/01/31 7:38:49 AM GMT","Local Resident","Lunch","₹ 75-150","1","1","1","1","1","1","Yes","Relaxed","Recommendation from friends","Female","16-21",""
"2017/01/31 7:39:26 AM GMT","Local Resident","Lunch","₹ 75-150","1","2","1","2","1","1","May be","Relaxed","Recommendation from friends","Female","16-21",""
"2017/01/31 7:39:59 AM GMT","Local Resident","Dinner","₹ 150-250","1","1","1","1","1","1","Yes","Relaxed","Recommendation from friends","Female","16-21",""
"2017/01/31 7:40:53 AM GMT","Local Resident","Lunch","₹ 250-350","1","1","1","1","1","1","May be","Relaxed","Recommendation from friends","Female","16-21",""
"2017/01/31 7:41:28 AM GMT","Local Resident","Lunch","₹ 75-150","5","5","5","5","5","5","Yes","Relaxed","Recommendation from friends","Female","31-40",""
"2017/01/31 7:42:05 AM GMT","Local Resident","Lunch","₹ 75-150","5","5","5","","3","5","Yes","Relaxed","Recommendation from friends","Female","22-30",""
"2017/01/31 7:42:49 AM GMT","Local Resident","Lunch","₹ 150-250","4","5","2","5","2","3","Yes","Relaxed","Random","Male","16-21",""
"2017/01/31 7:43:22 AM GMT","Tourist","Breakfast;Lunch;Evening Snacks;Dinner","₹ 150-250","5","4","2","4","4","5","Yes","Relaxed","Recommendation from friends","Male","16-21",""
"2017/01/31 7:44:32 AM GMT","Local Resident","Evening Snacks","₹ 350+","5","5","5","5","4","5","Yes","Fast Casual","Internet","Male","16-21",""
"2017/01/31 7:45:25 AM GMT","Local Resident","Dinner","₹ 250-350","4","5","3","5","3","5","Yes","Relaxed","Banner Ads & Leaflet","Male","31-40",""
"2017/01/31 7:46:05 AM GMT","Local Resident","Lunch","₹ 75-150","3","5","3","5","4","5","Yes","Relaxed","Internet","Female","31-40",""
"2017/01/31 7:47:14 AM GMT","Local Resident","Lunch","","5","5","5","5","3","5","Yes","Relaxed","Recommendation from friends","Male","16-21",""
"2017/01/31 7:47:57 AM GMT","Tourist","Dinner","₹ 250-350","1","1","1","1","1","1","May be","Formal","Recommendation from friends","Female","16-21",""
"2017/01/31 7:49:06 AM GMT","Local Resident","Dinner","₹ 150-250","1","1","1","1","1","1","Yes","Formal","Recommendation from friends","Female","16-21",""
"2017/01/31 9:15:47 AM GMT","Local Resident","Lunch","₹ 75-150","1","1","1","1","1","1","May be","Formal","Recommendation from friends","Female","16-21",""
"2017/01/31 9:16:44 AM GMT","Local Resident","Breakfast","₹ 75-150","5","4","3","5","4","5","May be","Relaxed","Internet","Female","16-21",""
"2017/01/31 9:17:56 AM GMT","Local Resident","Breakfast","₹ 75-150","1","1","3","1","1","1","May be","Relaxed","Recommendation from friends","Female","16-21",""
"2017/01/31 9:18:34 AM GMT","Local Resident","Evening Snacks","₹ 75-150","5","5","5","5","5","5","Yes","Relaxed","Internet","Male","22-30",""
"2017/01/31 9:19:25 AM GMT","Tourist","Lunch","₹ 150-250","","4","","","","","May be","Formal","Internet","Male","22-30",""
"2017/01/31 9:20:17 AM GMT","Tourist","Dinner","₹ 350+","5","","","3","5","2","May be","Relaxed","Recommendation from friends","Male","22-30",""
"2017/01/31 9:20:56 AM GMT","Tourist","Breakfast;Lunch;Evening Snacks;Dinner","₹ 150-250","5","5","5","5","5","3","Yes","Relaxed","Recommendation from friends;Internet","Male","22-30",""
"2017/01/31 9:21:46 AM GMT","Tourist","Breakfast","₹ 150-250","1","3","1","2","3","2","Yes","Relaxed","Banner Ads & Leaflet","Female","22-30",""
"2017/01/31 9:22:19 AM GMT","Local Resident","Lunch","₹ 75-150","1","1","1","1","1","1","Yes","Formal","Internet","Male","22-30",""
"2017/01/31 9:24:33 AM GMT","Tourist","Lunch","₹ 0-75","1","1","1","1","4","1","Yes","Formal","Recommendation from friends","Female","16-21",""
"2017/01/31 9:25:18 AM GMT","Local Resident","Lunch","₹ 75-150","1","2","1","1","2","1","May be","Relaxed","Recommendation from friends","Female","16-21",""
"2017/01/31 9:25:53 AM GMT","Tourist","Evening Snacks","₹ 150-250","1","1","2","1","2","1","May be","Relaxed","Recommendation from friends","Male","16-21",""
"2017/01/31 9:26:48 AM GMT","Local Resident","Lunch","₹ 75-150","5","5","5","5","3","5","May be","Relaxed","Recommendation from friends","Female","22-30",""
"2017/01/31 9:27:27 AM GMT","Local Resident","Lunch","₹ 75-150","5","3","4","5","3","5","May be","Relaxed","Recommendation from friends","Male","41-50",""
"2017/01/31 9:28:31 AM GMT","Local Resident","Breakfast","₹ 250-350","5","5","5","","4","5","Yes","Relaxed","Recommendation from friends;Banner Ads & Leaflet;Internet","Female","31-40",""
"2017/01/31 9:29:15 AM GMT","Tourist","Breakfast;Lunch;Dinner","₹ 150-250","5","5","5","5","3","5","May be","Relaxed","Recommendation from friends;Internet","Female","22-30",""
"2017/01/31 9:29:54 AM GMT","Local Resident","Breakfast","₹ 75-150","5","3","4","4","2","5","May be","Relaxed","Internet","Male","31-40",""
"2017/01/31 9:30:43 AM GMT","Local Resident","Lunch","₹ 75-150","1","2","1","1","2","1","May be","Relaxed","Recommendation from friends","Female","16-21",""
"2017/01/31 9:31:21 AM GMT","Local Resident","Lunch","₹ 75-150","1","1","2","1","2","1","May be","Relaxed","Recommendation from friends","Female","16-21",""
"2017/01/31 9:32:11 AM GMT","Local Resident","Lunch","₹ 75-150","3","3","2","3","5","1","Yes","Formal","Recommendation from friends","Male","16-21",""
"2017/01/31 9:32:50 AM GMT","Tourist","Dinner","₹ 75-150","3","4","2","3","5","1","May be","Relaxed","Internet","Female","16-21",""
"2017/01/31 9:33:33 AM GMT","Tourist","Lunch;Evening Snacks;Dinner","₹ 75-150","5","3","2","4","5","4","May be","Doesn't Matter","Internet;Random","Male","22-30",""
"2017/01/31 9:34:12 AM GMT","Local Resident","Lunch","₹ 75-150","3","4","3","4","3","4","May be","","Recommendation from friends","Male","22-30",""
"2017/01/31 9:34:53 AM GMT","Local Resident","Lunch","₹ 0-75","5","5","2","4","5","5","May be","Relaxed","Internet","Female","16-21",""
"2017/01/31 9:35:31 AM GMT","Local Resident","Evening Snacks","₹ 75-150","1","5","2","3","5","5","Yes","Relaxed","Recommendation from friends","Female","16-21",""
"2017/01/31 9:36:14 AM GMT","Local Resident","Dinner","₹ 0-75","3","2","4","3","1","3","May be","Relaxed","Random","Male","16-21",""
"2017/01/31 9:36:52 AM GMT","Local Resident","Lunch","₹ 0-75","3","3","3","4","3","4","Yes","Formal","Recommendation from friends","Male","22-30",""
"2017/01/31 9:37:26 AM GMT","Tourist","Breakfast","₹ 0-75","1","2","1","1","1","1","Yes","Relaxed","Internet","Male","22-30",""
"2017/01/31 9:38:12 AM GMT","Local Resident","Lunch","₹ 150-250","3","4","3","3","4","4","May be","Relaxed","Recommendation from friends","Male","16-21",""
"2017/01/31 9:38:50 AM GMT","Local Resident","Dinner","₹ 150-250","5","4","5","3","4","","Yes","Relaxed","Recommendation from friends","Male","31-40",""
"2017/01/31 9:39:43 AM GMT","Tourist","Breakfast;Lunch;Evening Snacks;Dinner","₹ 0-75","5","5","4","5","5","5","Yes","Relaxed","Random","Female","22-30",""
"2017/01/31 9:40:22 AM GMT","Local Resident","Dinner","₹ 0-75","5","4","1","3","3","3","May be","Relaxed","Recommendation from friends;Random","Female","16-21",""
"2017/01/31 9:41:53 AM GMT","Local Resident","Lunch","₹ 75-150","4","3","3","","5","3","May be","Relaxed","Recommendation from friends;Internet","Male","31-40",""
"2017/01/31 9:42:38 AM GMT","Tourist","Breakfast;Lunch;Evening Snacks;Dinner","₹ 150-250","5","5","4","","5","5","May be","Relaxed","Internet","Male","22-30",""
"2017/01/31 9:43:29 AM GMT","Local Resident","Lunch","₹ 150-250","5","3","2","","5","5","Yes","Relaxed","Recommendation from friends","Male","22-30",""
"2017/01/31 9:44:05 AM GMT","Tourist","Breakfast;Lunch;Evening Snacks;Dinner","₹ 350+","5","5","2","5","3","4","Yes","Relaxed","Internet","Female","22-30",""
"2017/01/31 9:44:38 AM GMT","Tourist","Dinner","₹ 150-250","4","4","1","3","4","4","May be","Relaxed","Recommendation from friends","Female","50+",""
"2017/01/31 9:45:32 AM GMT","Local Resident","Breakfast","₹ 75-150","3","3","3","3","3","3","Yes","Formal","Recommendation from friends","Male","22-30",""
"2017/01/31 9:46:24 AM GMT","Tourist","Breakfast;Lunch;Evening Snacks;Dinner","₹ 75-150","5","5","5","5","5","5","May be","Fast Casual","Recommendation from friends;Internet","Female","22-30",""
"2017/01/31 9:47:00 AM GMT","Tourist","Lunch;Dinner","₹ 150-250","1","1","3","2","1","1","No","Relaxed","Internet","Male","22-30",""
"2017/01/31 9:47:37 AM GMT","Local Resident","Dinner","₹ 150-250","5","4","5","","4","5","Yes","Relaxed","Recommendation from friends","Male","31-40",""
"2017/01/31 9:48:06 AM GMT","Tourist","Breakfast;Lunch;Dinner","₹ 150-250","5","5","5","5","4","4","Yes","Relaxed","Internet","Male","22-30",""
"2017/01/31 9:48:58 AM GMT","Tourist","Breakfast;Lunch;Dinner","₹ 150-250","5","5","4","5","5","4","May be","Relaxed","Internet","Female","22-30",""
"2017/01/31 9:49:35 AM GMT","Tourist","Evening Snacks","₹ 75-150","4","4","3","4","4","5","May be","Relaxed","Internet","Female","22-30",""
"2017/01/31 9:50:17 AM GMT","Tourist","Breakfast;Lunch;Dinner","₹ 75-150","","","","3","3","4","No","Relaxed","Internet","Male","22-30",""
"2017/01/31 9:50:59 AM GMT","Tourist","Breakfast","₹ 75-150","3","","","","2","","No","Relaxed","Internet","Female","22-30",""
"2017/01/31 9:51:41 AM GMT","Local Resident","Dinner","₹ 150-250","5","4","5","5","3","5","May be","Relaxed","Internet","Male","22-30",""
"2017/01/31 9:52:20 AM GMT","Local Resident","Lunch","₹ 75-150","5","4","5","4","2","5","Yes","Relaxed","Internet","Female","16-21",""
"2017/01/31 9:52:58 AM GMT","Local Resident","Dinner","₹ 150-250","5","4","5","4","3","5","May be","Formal","Recommendation from friends;Banner Ads & Leaflet","Female","31-40",""
"2017/01/31 9:53:27 AM GMT","Local Resident","Lunch","₹ 75-150","5","3","4","4","3","4","May be","Formal","Recommendation from friends","Female","22-30",""
"2017/01/31 9:54:08 AM GMT","Local Resident","Dinner","₹ 150-250","5","5","5","5","3","5","Yes","Relaxed","Recommendation from friends;Internet","Male","22-30",""
"2017/01/31 9:54:55 AM GMT","Local Resident","Lunch","₹ 150-250","5","3","5","5","2","5","May be","Fast Casual","Banner Ads & Leaflet;Internet","Male","31-40",""
"2017/01/31 9:55:43 AM GMT","Local Resident","Lunch","₹ 75-150","5","3","5","4","2","5","May be","Relaxed","Recommendation from friends","Male","22-30",""
"2017/01/31 9:56:21 AM GMT","Local Resident","Breakfast","₹ 75-150","5","3","5","4","2","5","Yes","Formal","Recommendation from friends;Internet","Female","22-30",""
"2017/01/31 9:56:59 AM GMT","Local Resident","Dinner","₹ 75-150","5","5","5","5","3","5","May be","Relaxed","Recommendation from friends","Male","22-30",""
"2017/01/31 9:57:32 AM GMT","Local Resident","Lunch","₹ 75-150","5","4","5","3","2","5","May be","Relaxed","Banner Ads & Leaflet","Male","22-30",""
"2017/01/31 9:58:16 AM GMT","Local Resident","Breakfast","₹ 75-150","5","3","4","5","2","5","Yes","Formal","Recommendation from friends","Female","22-30",""
"2017/01/31 9:58:56 AM GMT","Local Resident","Dinner","₹ 75-150","5","3","4","5","1","5","May be","Relaxed","Recommendation from friends","Female","22-30",""
"2017/01/31 9:59:39 AM GMT","Local Resident","Breakfast","₹ 75-150","4","5","3","4","2","5","May be","Fast Casual","Internet","Male","31-40",""
"2017/01/31 10:00:21 AM GMT","Local Resident","Breakfast;Lunch","₹ 75-150","5","3","5","4","1","5","May be","Relaxed","Recommendation from friends","Female","22-30",""
"2017/01/31 10:00:57 AM GMT","Local Resident","Lunch","₹ 75-150","5","4","5","5","2","5","Yes","Relaxed","Recommendation from friends","Female","22-30",""
"2017/01/31 10:02:05 AM GMT","Tourist","Breakfast;Lunch;Dinner","₹ 150-250","5","4","5","5","2","5","","Relaxed","Recommendation from friends;Internet","Male","31-40",""
"2017/01/31 10:02:37 AM GMT","Tourist","Dinner","₹ 250-350","5","4","5","5","1","5","May be","Fast Casual","Recommendation from friends","Female","22-30",""
"2017/01/31 10:03:04 AM GMT","Local Resident","Dinner","₹ 250-350","5","4","5","4","4","5","May be","Relaxed","Recommendation from friends","Female","16-21",""
"2017/01/31 10:03:45 AM GMT","Local Resident","Lunch","₹ 75-150","5","5","5","5","5","5","","Formal","Recommendation from friends","Female","16-21",""
"2017/01/31 10:04:16 AM GMT","Local Resident","Lunch","₹ 75-150","5","5","5","5","5","5","Yes","Formal","Recommendation from friends","Female","16-21",""
"2017/01/31 10:05:41 AM GMT","Local Resident","Lunch","₹ 75-150","1","3","4","5","2","1","May be","Formal","Internet","Female","16-21",""
"2017/01/31 10:16:25 AM GMT","Local Resident","Lunch","₹ 150-250","1","2","1","2","3","4","May be","Formal","Banner Ads & Leaflet","Male","50+",""
"2017/01/31 10:17:15 AM GMT","Local Resident","Lunch","₹ 150-250","1","2","4","2","2","4","May be","Formal","Banner Ads & Leaflet","Female","31-40",""
"2017/01/31 10:17:53 AM GMT","Local Resident","Evening Snacks","₹ 150-250","1","2","4","2","2","1","Yes","Fast Casual","Recommendation from friends","Female","31-40",""
"2017/01/31 10:18:53 AM GMT","Local Resident","Evening Snacks","₹ 150-250","4","2","1","4","1","4","May be","Formal","Internet","Female","41-50",""
"2017/01/31 10:19:37 AM GMT","Local Resident","Lunch","₹ 75-150","5","1","3","3","5","1","Yes","Fast Casual","Internet","Male","22-30",""
"2017/01/31 10:20:13 AM GMT","Local Resident","Lunch","₹ 150-250","4","2","5","3","1","4","","Relaxed","Banner Ads & Leaflet","Male","22-30",""
"2017/01/31 10:20:57 AM GMT","Local Resident","Lunch","₹ 75-150","1","3","1","2","4","1","No","Fast Casual","Recommendation from friends","Male","22-30",""
"2017/01/31 10:21:34 AM GMT","Local Resident","Lunch","₹ 150-250","5","3","3","3","1","2","May be","Relaxed","Recommendation from friends","Female","22-30",""
"2017/01/31 10:22:03 AM GMT","Tourist","Evening Snacks","₹ 250-350","1","1","2","1","3","1","Yes","Formal","Internet","Female","22-30",""
"2017/01/31 10:22:44 AM GMT","Local Resident","Evening Snacks","₹ 150-250","2","1","3","2","4","5","Yes","Formal","Random","Male","16-21",""
"2017/01/31 10:23:32 AM GMT","Tourist","Evening Snacks","₹ 250-350","1","1","3","1","1","2","May be","Fast Casual","Recommendation from friends","Male","22-30",""
"2017/01/31 10:24:12 AM GMT","Local Resident","Evening Snacks","₹ 250-350","1","4","5","5","4","2","No","Doesn't Matter","Recommendation from friends","Male","31-40",""
"2017/01/31 10:24:51 AM GMT","Local Resident","Lunch","₹ 75-150","1","1","3","5","4","2","","Relaxed","Random","Male","16-21",""
"2017/01/31 10:25:32 AM GMT","Tourist","Lunch","₹ 75-150","1","3","2","4","1","5","May be","Fast Casual","Internet","Female","41-50",""
"2017/01/31 10:26:08 AM GMT","Tourist","Dinner","₹ 75-150","2","3","4","2","5","1","No","Doesn't Matter","Banner Ads & Leaflet","Male","16-21",""
"2017/01/31 10:26:45 AM GMT","Local Resident","Evening Snacks","₹ 75-150","1","1","1","1","3","5","Yes","Relaxed","Random","Male","22-30",""
"2017/01/31 10:27:24 AM GMT","Local Resident","Lunch","₹ 150-250","3","","1","1","5","2","Yes","Doesn't Matter","Random","Female","16-21",""
"2017/01/31 10:28:03 AM GMT","Local Resident","Lunch","₹ 75-150","1","2","1","1","3","1","May be","Formal","Internet","Female","16-21",""
"2017/01/31 10:28:33 AM GMT","Tourist","Lunch","₹ 150-250","1","2","2","2","2","2","May be","Formal","Recommendation from friends","Male","22-30",""
"2017/01/31 10:32:56 AM GMT","Tourist","Breakfast","₹ 0-75","1","3","1","5","5","1","No","Relaxed","Random","Female","31-40",""
"2017/01/31 10:35:10 AM GMT","Local Resident","Breakfast","₹ 0-75","2","4","1","4","5","1","No","Doesn't Matter","Random","Male","41-50",""
"2017/01/31 10:37:19 AM GMT","Local Resident","Evening Snacks","₹ 350+","2","4","1","4","2","5","May be","Relaxed","Recommendation from friends","Female","16-21",""
"2017/01/31 10:37:49 AM GMT","Local Resident","Dinner","₹ 350+","1","1","1","1","1","1","Yes","Fast Casual","Internet","Male","22-30",""
"2017/01/31 10:38:24 AM GMT","Local Resident","Breakfast","₹ 350+","1","4","1","1","3","5","May be","Doesn't Matter","Recommendation from friends","Female","22-30",""
"2017/01/31 10:39:02 AM GMT","Tourist","Lunch","₹ 150-250","1","3","2","4","1","5","May be","Formal","Recommendation from friends","Female","22-30",""
"2017/01/31 10:39:28 AM GMT","Tourist","Lunch","₹ 75-150","1","1","1","","","","No","Relaxed","Random","Male","41-50",""
"2017/01/31 10:40:04 AM GMT","Tourist","Lunch","₹ 75-150","1","3","1","1","4","1","Yes","Relaxed","Recommendation from friends","Female","16-21",""
"2017/01/31 10:41:21 AM GMT","Local Resident","Lunch","₹ 150-250","4","1","3","1","1","2","May be","Doesn't Matter","Internet","Male","41-50",""
"2017/01/31 10:42:00 AM GMT","Local Resident","Breakfast;Lunch;Evening Snacks;Dinner","₹ 250-350","5","5","5","5","5","5","Yes","Doesn't Matter","Banner Ads & Leaflet","Male","22-30",""
"2017/01/31 10:42:44 AM GMT","Local Resident","Breakfast","₹ 75-150","3","1","3","3","2","1","May be","Doesn't Matter","Recommendation from friends","Female","",""
"2017/01/31 10:43:23 AM GMT","Local Resident","Lunch","₹ 250-350","1","5","3","1","1","1","May be","Doesn't Matter","Random","Male","16-21",""
"2017/01/31 10:43:54 AM GMT","Local Resident","Dinner","₹ 250-350","1","4","2","1","1","1","May be","Formal","Internet","Male","16-21",""
"2017/01/31 10:44:43 AM GMT","Local Resident","Lunch","₹ 350+","1","5","1","2","2","2","May be","Doesn't Matter","Random","Male","16-21",""
"2017/01/31 10:45:19 AM GMT","Local Resident","Evening Snacks","₹ 150-250","1","3","1","3","4","5","May be","Relaxed","Internet","Female","16-21",""
"2017/01/31 10:45:56 AM GMT","Tourist","Lunch","₹ 75-150","1","1","3","1","1","3","No","Formal","Recommendation from friends","Female","16-21",""
"2017/01/31 10:46:35 AM GMT","Local Resident","Evening Snacks","₹ 350+","1","1","1","2","2","2","Yes","Formal","Random","Male","16-21",""
"2017/01/31 10:47:22 AM GMT","Local Resident","Breakfast","₹ 0-75","1","3","4","1","3","5","May be","Formal","Banner Ads & Leaflet","Female","22-30",""
"2017/01/31 10:48:10 AM GMT","Tourist","Lunch","₹ 150-250","2","3","4","1","4","1","May be","Formal","Banner Ads & Leaflet","Male","22-30",""
"2017/01/31 10:48:52 AM GMT","Local Resident","Evening Snacks","₹ 150-250","1","4","2","3","5","2","No","Relaxed","Recommendation from friends","Female","31-40",""
"2017/01/31 10:49:48 AM GMT","Local Resident","Dinner","₹ 75-150","1","2","5","3","4","1","May be","Formal","Random","Female","31-40",""
"2017/01/31 10:50:22 AM GMT","Local Resident","Lunch","₹ 75-150","1","2","5","2","4","1","No","Relaxed","Banner Ads & Leaflet","Female","22-30",""
"2017/01/31 10:50:57 AM GMT","Local Resident","Lunch","₹ 75-150","2","5","1","5","5","1","Yes","Formal","Random","Male","22-30",""
"2017/01/31 10:51:40 AM GMT","Local Resident","Lunch","₹ 150-250","1","1","4","2","3","1","","Relaxed","Internet","Female","31-40",""
"2017/01/31 10:52:24 AM GMT","Local Resident","Breakfast","₹ 75-150","3","","","","","","May be","Doesn't Matter","Recommendation from friends","Male","22-30",""
"2017/01/31 10:53:30 AM GMT","Local Resident","Lunch","₹ 150-250","1","2","1","2","1","1","May be","Formal","Random","Male","22-30",""
"2017/01/31 10:54:01 AM GMT","Local Resident","Breakfast;Lunch","₹ 75-150","","","4","3","1","","May be","Formal","Random","Male","16-21",""
"2017/01/31 10:54:36 AM GMT","Tourist","Lunch","₹ 0-75","1","4","2","3","2","5","May be","Relaxed","Banner Ads & Leaflet","Male","16-21",""
"2017/01/31 10:55:06 AM GMT","Local Resident","Breakfast","₹ 75-150","1","2","2","2","1","1","May be","Formal","Banner Ads & Leaflet","Male","22-30",""
"2017/01/31 10:55:52 AM GMT","Local Resident","Evening Snacks","₹ 250-350","1","2","3","4","3","5","Yes","Relaxed","Recommendation from friends","Male","22-30",""
"2017/01/31 10:59:43 AM GMT","Local Resident","Lunch","₹ 150-250","3","2","3","4","1","5","Yes","Relaxed","Recommendation from friends","Male","22-30",""
"2017/01/31 11:00:24 AM GMT","Local Resident","Breakfast","₹ 75-150","2","4","2","3","4","2","May be","Doesn't Matter","Recommendation from friends","Female","22-30",""
"2017/01/31 11:01:03 AM GMT","Tourist","Lunch","₹ 150-250","2","4","2","5","1","3","May be","Relaxed","Internet","Male","16-21",""
"2017/01/31 11:01:45 AM GMT","Tourist","Lunch","₹ 150-250","2","3","2","4","3","5","Yes","Relaxed","Internet","Male","41-50",""
"2017/01/31 11:02:16 AM GMT","Local Resident","Evening Snacks","₹ 75-150","1","","","","","","May be","Relaxed","Banner Ads & Leaflet","Female","16-21",""
"2017/01/31 11:02:45 AM GMT","Local Resident","Lunch","₹ 150-250","1","1","3","4","","1","May be","Formal","Recommendation from friends","Male","22-30",""
"2017/01/31 11:03:13 AM GMT","Local Resident","Breakfast","₹ 75-150","1","2","3","3","3","3","May be","Relaxed","Banner Ads & Leaflet","Male","22-30",""
"2017/01/31 11:03:55 AM GMT","Tourist","Dinner","₹ 250-350","3","2","3","2","3","1","May be","Fast Casual","Banner Ads & Leaflet","Male","22-30",""
"2017/01/31 11:04:41 AM GMT","Local Resident","Evening Snacks","₹ 75-150","2","5","3","2","3","1","No","Relaxed","Recommendation from friends","Male","22-30",""
"2017/01/31 11:05:22 AM GMT","Tourist","Lunch","₹ 75-150","1","2","2","2","1","1","May be","Doesn't Matter","Random","Female","16-21",""
"2017/01/31 11:06:02 AM GMT","Local Resident","Lunch","₹ 75-150","1","1","","3","3","3","Yes","Formal","Recommendation from friends","Male","16-21",""
"2017/01/31 11:06:56 AM GMT","Tourist","Lunch","₹ 150-250","1","2","2","4","3","3","May be","Fast Casual","Internet","Female","",""
"2017/01/31 11:07:46 AM GMT","Local Resident","Lunch","₹ 250-350","1","1","4","4","4","4","May be","Formal","Recommendation from friends","Female","22-30",""
"2017/01/31 11:08:17 AM GMT","Local Resident","Evening Snacks","₹ 75-150","2","4","2","4","2","4","Yes","Relaxed","Banner Ads & Leaflet","Male","22-30",""
"2017/01/31 11:08:54 AM GMT","Local Resident","Lunch","₹ 75-150","1","3","2","3","1","4","No","Fast Casual","Banner Ads & Leaflet","Female","22-30",""
"2017/01/31 11:09:38 AM GMT","Local Resident","Lunch","₹ 75-150","1","1","1","3","5","2","May be","Formal","Recommendation from friends","Female","16-21",""
"2017/01/31 11:10:32 AM GMT","Local Resident","Breakfast","₹ 150-250","2","3","2","1","3","1","Yes","Doesn't Matter","Internet","Female","22-30",""
"2017/01/31 11:11:05 AM GMT","Local Resident","Breakfast","₹ 150-250","2","4","2","4","2","4","Yes","Relaxed","Random","Female","16-21",""
"2017/01/31 11:11:43 AM GMT","Local Resident","Lunch","₹ 75-150","","1","","","","","May be","Relaxed","Banner Ads & Leaflet","Female","16-21",""
"2017/01/31 11:12:51 AM GMT","Tourist","Breakfast","₹ 75-150","1","4","2","3","","2","Yes","Relaxed","Recommendation from friends","Male","31-40",""
"2017/01/31 11:14:07 AM GMT","Local Resident","Lunch","₹ 75-150","5","3","2","5","3","4","Yes","Formal","Recommendation from friends","Male","16-21",""
"2017/01/31 11:14:45 AM GMT","Local Resident","Evening Snacks","₹ 150-250","5","3","1","4","2","4","Yes","Relaxed","Random","Female","16-21",""
"2017/01/31 11:15:53 AM GMT","Local Resident","Lunch","₹ 0-75","1","","","","","","May be","Formal","Random","Male","22-30",""
"2017/01/31 11:16:30 AM GMT","Local Resident","Lunch","₹ 75-150","1","2","3","1","1","1","May be","Relaxed","Banner Ads & Leaflet","Female","22-30",""
"2017/01/31 11:17:00 AM GMT","Local Resident","Lunch","₹ 75-150","1","","","","","","No","Relaxed","Banner Ads & Leaflet","Female","16-21",""
"2017/01/31 11:17:40 AM GMT","Local Resident","Lunch","₹ 75-150","3","3","4","2","3","3","May be","Relaxed","Banner Ads & Leaflet","Female","22-30",""
"2017/01/31 11:18:12 AM GMT","Tourist","Lunch","₹ 150-250","1","1","1","1","3","1","May be","Relaxed","Internet","Male","22-30",""
"2017/01/31 11:18:44 AM GMT","Tourist","Lunch","₹ 150-250","1","3","4","3","5","3","May be","Relaxed","Banner Ads & Leaflet","Male","31-40",""
"2017/01/31 11:19:18 AM GMT","Local Resident","Dinner","₹ 75-150","1","2","4","1","1","2","May be","Relaxed","Internet","Male","16-21",""
"2017/01/31 11:20:51 AM GMT","Tourist","Lunch","₹ 75-150","1","3","5","1","3","3","No","Doesn't Matter","Random","Female","31-40",""
"2017/01/31 11:21:28 AM GMT","Local Resident","Lunch","₹ 150-250","4","2","1","4","3","5","Yes","Relaxed","Recommendation from friends","Male","22-30",""
"2017/01/31 11:21:59 AM GMT","Tourist","Lunch","₹ 75-150","1","2","1","2","2","1","May be","Formal","Recommendation from friends","Female","16-21",""
"2017/01/31 11:22:49 AM GMT","Local Resident","Lunch;Dinner","₹ 75-150","3","2","3","2","1","2","Yes","Doesn't Matter","Recommendation from friends","Female","41-50",""
"2017/01/31 11:23:26 AM GMT","Local Resident","Breakfast","₹ 0-75","3","3","2","2","4","2","No","Formal","Banner Ads & Leaflet","Female","22-30",""
"2017/01/31 11:24:06 AM GMT","Local Resident","Lunch","₹ 75-150","1","4","1","4","1","1","May be","Formal","Random","Male","16-21",""
"2017/01/31 11:24:41 AM GMT","Local Resident","Dinner","₹ 75-150","1","4","2","3","1","4","May be","Formal","Recommendation from friends","Male","16-21",""
"2017/01/31 11:25:14 AM GMT","Local Resident","Lunch","₹ 75-150","3","","","","","","Yes","Formal","Recommendation from friends","Male","22-30",""
"2017/01/31 11:25:50 AM GMT","Local Resident","Dinner","₹ 75-150","1","1","2","1","2","1","Yes","Fast Casual","Internet","Male","22-30",""
"2017/01/31 11:26:55 AM GMT","Local Resident","Breakfast","₹ 75-150","1","3","","","","","No","Doesn't Matter","Random","Female","22-30",""
"2017/01/31 11:27:47 AM GMT","Tourist","Lunch","₹ 75-150","1","2","1","2","2","2","May be","Formal","Recommendation from friends","Female","16-21",""
"2017/01/31 11:28:48 AM GMT","Tourist","Evening Snacks","₹ 75-150","1","2","1","2","3","2","","Formal","Banner Ads & Leaflet","Female","16-21",""
"2017/01/31 11:29:27 AM GMT","Local Resident","Evening Snacks","₹ 75-150","","","","2","","","May be","Formal","Random","Male","16-21",""
"2017/01/31 11:29:55 AM GMT","Local Resident","Evening Snacks","₹ 350+","1","3","1","1","3","1","May be","Relaxed","Recommendation from friends","Female","16-21",""
"2017/01/31 11:30:48 AM GMT","Local Resident","Lunch","₹ 150-250","3","1","1","3","5","1","May be","Relaxed","Recommendation from friends","Male","16-21",""
"2017/01/31 11:31:22 AM GMT","Tourist","Breakfast","₹ 150-250","2","2","4","3","2","4","May be","Formal","Internet","Female","31-40",""
"2017/01/31 11:32:59 AM GMT","Local Resident","Breakfast","₹ 75-150","1","2","3","1","5","2","No","Fast Casual","Recommendation from friends","Female","22-30",""
"2017/01/31 11:33:30 AM GMT","Local Resident","Dinner","₹ 75-150","1","3","3","2","3","3","May be","Relaxed","Recommendation from friends","Female","22-30",""
"2017/01/31 11:34:06 AM GMT","Local Resident","Lunch","₹ 350+","1","1","1","2","4","1","May be","Doesn't Matter","Internet","Female","16-21",""
"2017/01/31 11:34:33 AM GMT","Tourist","Lunch","₹ 250-350","2","3","3","1","1","2","May be","Doesn't Matter","Random","Female","22-30",""
"2017/01/31 11:35:04 AM GMT","Local Resident","Lunch","₹ 75-150","1","2","4","1","3","1","No","Relaxed","Random","Male","31-40",""
"2017/01/31 11:35:38 AM GMT","Local Resident","Lunch","₹ 75-150","1","2","1","2","1","1","May be","Doesn't Matter","Random","Female","22-30",""
"2017/01/31 11:36:18 AM GMT","Tourist","Evening Snacks","₹ 350+","1","1","1","2","1","1","Yes","Relaxed","Internet","Male","22-30",""
"2017/01/31 11:37:31 AM GMT","Local Resident","Dinner","₹ 75-150","4","2","3","2","4","2","Yes","Relaxed","Recommendation from friends","Male","41-50",""
"2017/01/31 11:38:21 AM GMT","Tourist","Evening Snacks;Dinner","₹ 150-250","1","3","4","","2","5","Yes","Relaxed","Recommendation from friends","Female","50+",""
"2017/01/31 11:38:51 AM GMT","Local Resident","Dinner","₹ 350+","5","3","2","4","2","3","No","Relaxed","Recommendation from friends","Female","22-30",""
"2017/01/31 11:39:26 AM GMT","Local Resident","Evening Snacks","₹ 75-150","3","4","3","","2","4","May be","Doesn't Matter","Recommendation from friends","Male","16-21",""
"2017/01/31 11:40:05 AM GMT","Local Resident","Lunch","₹ 0-75","4","5","3","2","4","2","May be","Formal","Recommendation from friends","Male","31-40",""
"2017/01/31 11:41:02 AM GMT","Tourist","Dinner","₹ 75-150","1","5","2","1","2","2","","Formal","Recommendation from friends","Male","22-30",""
"2017/01/31 11:41:38 AM GMT","Local Resident","Lunch","₹ 75-150","2","5","4","5","3","4","","Formal","Recommendation from friends","Female","16-21",""
"2017/01/31 11:42:17 AM GMT","Tourist","Dinner","₹ 250-350","5","4","3","5","4","5","May be","Relaxed","Random","Male","50+",""
"2017/01/31 1:52:42 PM GMT","Tourist","Dinner","","1","1","2","2","2","2","Yes","Doesn't Matter","Recommendation from friends;Banner Ads & Leaflet","Female","50+",""
"2017/01/31 1:53:43 PM GMT","Local Resident","Dinner","₹ 75-150","1","2","","1","3","2","May be","Formal","Recommendation from friends","Female","16-21",""
"2017/01/31 1:54:19 PM GMT","Local Resident","Lunch","₹ 0-75","1","2","3","3","2","2","Yes","Formal","Random","Female","50+",""
"2017/01/31 1:54:59 PM GMT","Tourist","Breakfast","₹ 75-150","5","5","5","5","5","5","Yes","Doesn't Matter","Internet","Female","22-30",""
"2017/01/31 1:57:14 PM GMT","Tourist","Dinner","₹ 150-250","5","4","4","4","4","4","May be","Relaxed","Random","Male","22-30",""
"2017/01/31 1:57:41 PM GMT","Tourist","Lunch","₹ 0-75","1","2","2","1","1","2","May be","Formal","Recommendation from friends","Female","22-30",""
"2017/01/31 1:58:10 PM GMT","Local Resident","Dinner","₹ 250-350","5","4","3","1","1","5","Yes","Doesn't Matter","Recommendation from friends","Male","22-30",""
"2017/01/31 1:58:47 PM GMT","Local Resident","Dinner","₹ 75-150","1","1","1","1","2","1","No","Formal","Random","Male","16-21",""
"2017/01/31 1:59:16 PM GMT","Local Resident","Lunch","₹ 75-150","2","1","1","3","1","5","May be","Relaxed","Recommendation from friends","Female","16-21",""
"2017/01/31 1:59:47 PM GMT","Tourist","Lunch","₹ 75-150","1","2","1","1","2","2","Yes","Formal","Internet","Female","16-21",""
"2017/01/31 2:00:17 PM GMT","Local Resident","Breakfast;Lunch;Evening Snacks;Dinner","₹ 75-150","5","5","1","3","1","2","Yes","Relaxed","Banner Ads & Leaflet","Male","22-30",""
"2017/01/31 2:00:44 PM GMT","Local Resident","Lunch","₹ 0-75","5","1","1","1","5","5","Yes","Relaxed","Recommendation from friends","Male","22-30",""
"2017/01/31 2:01:15 PM GMT","Local Resident","Lunch","₹ 75-150","1","5","2","3","1","3","May be","Relaxed","Random","Female","16-21",""
"2017/01/31 2:02:52 PM GMT","Local Resident","Lunch","₹ 0-75","1","3","3","3","2","3","Yes","Formal","Banner Ads & Leaflet","Female","41-50",""
"2017/01/31 2:03:49 PM GMT","Local Resident","Lunch","₹ 0-75","1","2","1","2","1","2","May be","Formal","Recommendation from friends","Male","16-21",""
"2017/01/31 2:04:23 PM GMT","Local Resident","Lunch","₹ 75-150","1","2","1","2","2","1","May be","Formal","Recommendation from friends","Male","16-21",""
"2017/01/31 2:04:57 PM GMT","Local Resident","Lunch","₹ 0-75","1","2","2","1","2","2","May be","Formal","Recommendation from friends","Female","16-21",""
"2017/01/31 2:05:24 PM GMT","Local Resident","Lunch","₹ 75-150","1","1","2","1","2","2","","Fast Casual","Banner Ads & Leaflet","Male","22-30",""
"2017/01/31 2:06:00 PM GMT","Tourist","Lunch","₹ 75-150","1","2","1","2","1","2","May be","Formal","Recommendation from friends","Female","16-21",""
"2017/01/31 2:07:34 PM GMT","Local Resident","Dinner","₹ 75-150","3","3","4","3","4","2","Yes","Fast Casual","Recommendation from friends","Male","22-30",""
"2017/01/31 2:08:04 PM GMT","Tourist","Lunch","₹ 0-75","1","2","1","2","1","1","May be","Formal","Recommendation from friends","Male","16-21",""
"2017/01/31 2:08:36 PM GMT","Local Resident","Lunch","₹ 150-250","1","2","2","1","2","2","May be","Formal","Recommendation from friends","Male","31-40",""
"2017/01/31 2:09:09 PM GMT","Local Resident","Lunch","₹ 75-150","1","3","3","1","3","","Yes","Formal","Recommendation from friends","Male","50+",""
"2017/01/31 2:09:41 PM GMT","Tourist","Dinner","₹ 150-250","4","4","1","3","5","2","Yes","Relaxed","Internet","Male","22-30",""
"2017/01/31 2:10:10 PM GMT","Tourist","Evening Snacks","₹ 75-150","5","4","3","3","3","5","Yes","Relaxed","Random","Female","41-50",""
"2017/01/31 2:10:30 PM GMT","Local Resident","Breakfast","₹ 75-150","","","","","","","May be","Fast Casual","Recommendation from friends","Female","22-30",""
"2017/01/31 2:10:57 PM GMT","Local Resident","Lunch","₹ 0-75","1","2","2","1","1","2","May be","Formal","Recommendation from friends","Female","16-21",""
"2017/01/31 2:11:28 PM GMT","Local Resident","Lunch","₹ 150-250","5","4","3","4","3","3","May be","Formal","Random","Male","22-30",""
"2017/01/31 2:11:56 PM GMT","Local Resident","Evening Snacks","₹ 75-150","5","5","2","3","3","1","","","","","",""
"2017/01/31 2:12:24 PM GMT","Local Resident","Dinner","₹ 150-250","5","5","3","5","3","2","","Formal","Random","Male","22-30",""
"2017/01/31 2:12:47 PM GMT","Tourist","Dinner","₹ 350+","5","5","5","5","5","5","Yes","Formal","Recommendation from friends","Female","22-30",""
"2017/01/31 2:13:15 PM GMT","Local Resident","Dinner","₹ 75-150","4","5","4","4","4","3","Yes","Formal","Recommendation from friends","Male","22-30",""
"2017/01/31 2:13:43 PM GMT","Local Resident","Lunch","₹ 75-150","4","4","3","3","3","3","Yes","Formal","Recommendation from friends","Female","31-40",""
"2017/01/31 2:14:16 PM GMT","Tourist","Dinner","₹ 350+","5","5","5","5","5","5","Yes","Formal","Recommendation from friends","Female","31-40",""
"2017/01/31 2:15:00 PM GMT","Local Resident","Breakfast","₹ 0-75","3","4","2","3","3","3","Yes","Formal","Recommendation from friends","Female","50+",""
"2017/01/31 2:16:46 PM GMT","Local Resident","Lunch","₹ 350+","5","4","3","3","3","3","May be","Formal","Recommendation from friends","Female","22-30",""
"2017/01/31 2:17:30 PM GMT","Tourist","Dinner","₹ 150-250","5","5","5","5","5","4","Yes","Formal","Recommendation from friends","Female","41-50",""
"2017/01/31 2:19:56 PM GMT","Tourist","Dinner","₹ 150-250","5","3","4","2","3","4","May be","Formal","Random","Female","31-40",""
"2017/01/31 2:20:27 PM GMT","Tourist","Lunch","₹ 150-250","5","5","3","5","5","5","","Formal","Recommendation from friends","Female","22-30",""
"2017/01/31 2:20:58 PM GMT","Local Resident","Dinner","₹ 150-250","5","5","4","5","4","","Yes","Formal","Recommendation from friends","Male","22-30",""
"2017/01/31 2:21:29 PM GMT","Local Resident","Lunch","₹ 75-150","5","5","3","4","2","3","May be","Formal","Random","Female","22-30",""
"2017/01/31 2:22:10 PM GMT","Local Resident","Lunch","₹ 75-150","4","4","2","4","3","3","Yes","Formal","Recommendation from friends","Female","31-40",""
"2017/01/31 2:22:38 PM GMT","Tourist","Lunch","₹ 75-150","4","2","4","5","3","4","Yes","Relaxed","Internet","Male","50+",""
"2017/01/31 2:23:15 PM GMT","Local Resident","Lunch;Dinner","₹ 75-150","3","2","2","3","2","4","Yes","Formal","Recommendation from friends","Female","50+",""
"2017/01/31 2:24:17 PM GMT","Local Resident","Lunch;Dinner","₹ 150-250","4","3","4","3","4","4","Yes","Formal","Recommendation from friends","Female","22-30",""
"2017/01/31 2:24:56 PM GMT","Local Resident","Breakfast;Lunch;Dinner","₹ 150-250","4","3","2","3","2","4","Yes","Relaxed","Internet","Male","31-40",""
"2017/01/31 2:25:32 PM GMT","Tourist","Lunch;Dinner","₹ 150-250","4","4","3","2","4","5","Yes","Relaxed","Recommendation from friends","Female","22-30",""
"2017/01/31 2:26:03 PM GMT","Local Resident","Lunch","₹ 75-150","2","1","2","3","2","2","Yes","Doesn't Matter","Recommendation from friends;Banner Ads & Leaflet","Female","16-21",""
"2017/01/31 2:26:31 PM GMT","Local Resident","Lunch","₹ 75-150","2","3","2","3","2","2","Yes","Doesn't Matter","Recommendation from friends","Female","41-50",""
"2017/01/31 2:27:15 PM GMT","Local Resident","Lunch","₹ 75-150","3","2","3","1","3","2","Yes","Doesn't Matter","Banner Ads & Leaflet","Female","41-50",""
"2017/01/31 2:27:46 PM GMT","Local Resident","Lunch;Dinner","₹ 75-150","2","3","2","3","2","3","Yes","Formal","Recommendation from friends;Banner Ads & Leaflet","Female","16-21",""
"2017/01/31 2:28:42 PM GMT","Local Resident","Breakfast;Lunch;Dinner","₹ 150-250","4","2","3","4","2","3","Yes","Relaxed","Recommendation from friends","Female","31-40",""
"2017/01/31 2:29:14 PM GMT","Local Resident","Lunch","₹ 75-150","2","1","3","2","1","2","Yes","Formal","Recommendation from friends","Female","22-30",""
"2017/01/31 2:29:56 PM GMT","Local Resident","Lunch","₹ 0-75","1","4","2","4","2","1","Yes","Formal","Recommendation from friends","Female","22-30",""
"2017/01/31 2:30:32 PM GMT","Local Resident","Breakfast;Lunch;Dinner","₹ 150-250","2","3","1","","3","1","Yes","Formal","Recommendation from friends","Female","22-30",""
"2017/01/31 2:31:18 PM GMT","Local Resident","Evening Snacks","₹ 75-150","3","5","2","3","1","1","Yes","Formal","Recommendation from friends;Banner Ads & Leaflet","","22-30",""
"2017/01/31 2:31:55 PM GMT","Local Resident","Dinner","₹ 75-150","2","4","2","4","3","5","Yes","Doesn't Matter","Recommendation from friends","Female","16-21",""
"2017/01/31 2:32:38 PM GMT","Local Resident","Lunch;Dinner","₹ 75-150","4","2","4","2","1","4","Yes","Formal","Recommendation from friends;Internet","Female","22-30",""
"2017/01/31 2:33:11 PM GMT","Tourist","Evening Snacks","₹ 0-75","","","3","","","","May be","Doesn't Matter","Recommendation from friends","Female","22-30",""
"2017/01/31 2:33:49 PM GMT","Local Resident","Evening Snacks","₹ 150-250","2","2","1","","2","","Yes","Formal","Recommendation from friends","Female","22-30",""
"2017/01/31 2:34:22 PM GMT","Local Resident","Dinner","₹ 150-250","3","1","1","2","1","3","Yes","Formal","Recommendation from friends","Female","16-21",""
"2017/01/31 2:34:55 PM GMT","Local Resident","Lunch;Dinner","₹ 75-150","3","2","3","4","2","3","Yes","Doesn't Matter","Recommendation from friends;Banner Ads & Leaflet","Female","41-50",""
"2017/01/31 2:35:47 PM GMT","Local Resident","Lunch;Dinner","₹ 75-150","4","4","3","4","2","4","Yes","Relaxed","Recommendation from friends;Banner Ads & Leaflet","Male","22-30",""
"2017/01/31 2:36:34 PM GMT","Local Resident","Breakfast;Lunch;Dinner","₹ 75-150","4","2","3","1","3","4","Yes","Relaxed","Recommendation from friends;Banner Ads & Leaflet","Female","31-40",""
"2017/01/31 2:37:17 PM GMT","Local Resident","Lunch;Dinner","₹ 150-250","3","3","2","3","2","3","Yes","Doesn't Matter","Recommendation from friends","Female","22-30",""
"2017/01/31 2:38:02 PM GMT","Local Resident","Lunch;Dinner","₹ 75-150","3","2","2","3","2","3","Yes","Formal","Recommendation from friends","Male","22-30",""
"2017/01/31 2:38:43 PM GMT","Local Resident","Breakfast;Lunch;Dinner","₹ 75-150","4","3","3","4","2","3","Yes","Relaxed","Recommendation from friends","Female","31-40",""
"2017/01/31 2:39:42 PM GMT","Local Resident","Lunch;Dinner","₹ 75-150","3","2","2","3","1","2","Yes","Doesn't Matter","Recommendation from friends","Female","41-50",""
"2017/01/31 2:42:08 PM GMT","Local Resident","Breakfast;Evening Snacks","₹ 0-75","1","2","4","1","3","1","Yes","Doesn't Matter","Recommendation from friends;Internet","Female","22-30",""
"2017/01/31 3:00:02 PM GMT","Local Resident","Lunch;Dinner","₹ 75-150","1","4","1","3","1","2","Yes","Doesn't Matter","Recommendation from friends;Internet","Female","22-30",""
"2017/01/31 3:00:52 PM GMT","Local Resident","Breakfast;Evening Snacks","₹ 0-75","1","5","1","2","3","1","Yes","Doesn't Matter","Recommendation from friends;Random","Female","41-50",""
"2017/01/31 3:02:15 PM GMT","Local Resident","Lunch;Dinner","₹ 150-250","2","2","3","1","2","3","Yes","Doesn't Matter","Recommendation from friends;Internet","Female","22-30",""
"2017/01/31 3:04:10 PM GMT","Local Resident","Breakfast;Evening Snacks","₹ 75-150","4","2","3","1","2","3","Yes","Doesn't Matter","Recommendation from friends;Banner Ads & Leaflet","Female","31-40",""
"2017/01/31 3:05:10 PM GMT","Tourist","Lunch;Dinner","₹ 75-150","1","2","4","1","3","1","Yes","Doesn't Matter","Recommendation from friends;Internet","Female","31-40",""
"2017/01/31 3:06:17 PM GMT","Local Resident","Lunch;Dinner","₹ 75-150","4","3","1","3","2","4","May be","Doesn't Matter","Banner Ads & Leaflet;Internet","Female","22-30",""
"2017/01/31 3:06:51 PM GMT","Local Resident","Breakfast;Evening Snacks","₹ 0-75","2","3","2","3","2","4","May be","Relaxed","Internet","Female","16-21",""
"2017/01/31 3:09:23 PM GMT","Local Resident","Breakfast;Evening Snacks","₹ 75-150","2","3","1","2","3","1","May be","Doesn't Matter","Recommendation from friends;Internet","Female","16-21",""
"2017/01/31 3:10:03 PM GMT","Local Resident","Breakfast;Lunch","₹ 0-75","1","3","2","2","3","4","No","Doesn't Matter","Banner Ads & Leaflet;Random","Female","16-21",""
"2017/01/31 3:10:46 PM GMT","Tourist","Lunch","","5","5","5","5","1","5","May be","Doesn't Matter","Random","Male","16-21",""
"2017/01/31 3:11:35 PM GMT","Tourist","Lunch","₹ 150-250","5","5","3","3","4","4","Yes","Relaxed","Recommendation from friends","Male","16-21",""
"2017/01/31 3:12:20 PM GMT","Tourist","Dinner","₹ 150-250","1","1","3","","2","2","Yes","Relaxed","Internet","Male","22-30",""
"2017/01/31 3:12:48 PM GMT","Local Resident","Lunch","₹ 150-250","5","4","3","3","3","4","No","Formal","Recommendation from friends","Male","31-40",""
"2017/01/31 3:13:19 PM GMT","Tourist","Dinner","₹ 350+","5","4","3","4","5","4","May be","Fast Casual","Internet","Male","31-40",""
"2017/01/31 3:13:50 PM GMT","Local Resident","Lunch","₹ 250-350","5","4","3","3","4","4","May be","Fast Casual","Recommendation from friends","Female","22-30",""
"2017/01/31 3:14:43 PM GMT","Local Resident","Evening Snacks","₹ 75-150","5","4","3","3","4","5","May be","Fast Casual","Banner Ads & Leaflet","Female","41-50",""
"2017/01/31 3:15:25 PM GMT","Local Resident","Breakfast","₹ 75-150","5","4","3","3","4","4","No","Formal","Banner Ads & Leaflet","Male","50+",""
"2017/01/31 3:15:55 PM GMT","Local Resident","Evening Snacks","₹ 150-250","5","4","3","2","4","5","No","Relaxed","Recommendation from friends","Female","31-40",""
"2017/01/31 3:16:23 PM GMT","Local Resident","Lunch","₹ 150-250","5","4","3","4","5","4","May be","Fast Casual","Recommendation from friends","Female","16-21",""
"2017/01/31 3:17:01 PM GMT","Tourist","Breakfast;Lunch;Evening Snacks;Dinner","₹ 75-150","5","4","1","4","4","5","Yes","Relaxed","Recommendation from friends;Random","Female","16-21",""
"2017/01/31 3:17:40 PM GMT","Tourist","Lunch;Dinner","₹ 75-150","3","4","3","4","4","4","May be","Relaxed","Random","Male","22-30",""
"2017/01/31 3:18:10 PM GMT","Tourist","Dinner","₹ 75-150","5","4","4","4","4","5","Yes","Relaxed","Recommendation from friends","Male","22-30",""
"2017/01/31 3:18:41 PM GMT","Tourist","Breakfast;Lunch;Evening Snacks;Dinner","₹ 150-250","4","4","2","4","4","4","Yes","Relaxed","Internet","Male","22-30",""
"2017/01/31 3:19:15 PM GMT","Tourist","Breakfast;Lunch;Evening Snacks;Dinner","₹ 75-150","5","5","2","5","5","5","Yes","Relaxed","Internet;Random","Male","22-30",""
"2017/01/31 3:19:40 PM GMT","Tourist","Evening Snacks;Dinner","₹ 75-150","1","5","5","5","5","5","Yes","Relaxed","Random","Male","22-30",""
"2017/01/31 3:21:16 PM GMT","Local Resident","Lunch","₹ 75-150","5","4","5","3","3","4","May be","Fast Casual","Recommendation from friends","Female","22-30",""
"2017/01/31 3:22:04 PM GMT","Local Resident","Evening Snacks","₹ 75-150","5","4","4","4","5","3","No","Formal","Banner Ads & Leaflet","Female","16-21",""
"2017/01/31 3:22:34 PM GMT","Tourist","Lunch","₹ 0-75","4","3","5","3","4","5","May be","Relaxed","Internet","Male","22-30",""
"2017/01/31 3:22:55 PM GMT","Tourist","Evening Snacks","₹ 0-75","","","","","","","May be","Formal","Random","Male","16-21",""
"2017/01/31 3:25:29 PM GMT","Local Resident","Lunch","₹ 150-250","5","4","4","3","4","3","May be","Formal","Internet","Male","50+",""
"2017/01/31 3:26:26 PM GMT","Local Resident","Evening Snacks","₹ 150-250","5","4","5","3","4","3","No","Doesn't Matter","Recommendation from friends;Random","Female","16-21",""
"2017/01/31 3:33:07 PM GMT","Tourist","Lunch;Dinner","₹ 250-350","5","5","3","5","4","5","Yes","Relaxed","Random","Female","50+",""
"2017/01/31 3:33:34 PM GMT","Tourist","Dinner","₹ 150-250","4","4","3","3","3","3","May be","Relaxed","","Female","22-30",""
"2017/01/31 3:34:14 PM GMT","Local Resident","Lunch","₹ 0-75","1","4","3","2","3","5","Yes","Relaxed","Internet","Male","22-30",""
"2017/01/31 3:34:46 PM GMT","Tourist","Dinner","₹ 250-350","5","3","","","","4","Yes","Doesn't Matter","Recommendation from friends","Male","31-40",""
"2017/01/31 3:35:18 PM GMT","Local Resident","Lunch","₹ 250-350","5","4","3","3","4","3","May be","Fast Casual","Banner Ads & Leaflet","Female","16-21",""
"2017/01/31 3:35:49 PM GMT","Local Resident","Breakfast","₹ 0-75","3","4","2","3","3","3","Yes","Formal","Random","Male","16-21",""
"2017/01/31 3:36:23 PM GMT","Local Resident","Lunch","₹ 250-350","5","4","3","4","4","3","May be","Relaxed","Recommendation from friends","Male","22-30",""
"2017/01/31 3:37:14 PM GMT","Local Resident","Lunch","₹ 250-350","5","4","5","4","3","4","No","Formal","Recommendation from friends","Female","22-30",""
"2017/01/31 3:38:02 PM GMT","Local Resident","Evening Snacks","₹ 150-250","5","4","2","3","4","4","No","Formal","Banner Ads & Leaflet","Male","22-30",""
"2017/01/31 4:47:58 PM GMT","Local Resident","Breakfast;Lunch","₹ 0-75","5","4","2","3","4","3","May be","Doesn't Matter","Recommendation from friends","Female","31-40",""
"2017/01/31 4:48:36 PM GMT","Local Resident","Dinner","₹ 150-250","3","5","3","3","4","3","May be","Relaxed","Banner Ads & Leaflet","Male","22-30",""
"2017/01/31 4:49:17 PM GMT","Local Resident","Lunch","₹ 150-250","1","2","1","2","3","4","May be","Formal","Random","Male","16-21",""
"2017/01/31 4:50:09 PM GMT","Tourist","Dinner","₹ 250-350","5","4","2","3","5","5","May be","Relaxed","Banner Ads & Leaflet;Internet","Male","50+",""
"2017/01/31 4:50:43 PM GMT","Tourist","Dinner","₹ 250-350","5","4","3","4","3","5","","Relaxed","Recommendation from friends;Internet","Female","50+",""
"2017/01/31 4:51:22 PM GMT","Tourist","Lunch","₹ 150-250","5","3","3","4","5","4","Yes","Formal","Recommendation from friends","Female","50+",""
"2017/01/31 4:52:05 PM GMT","Tourist","Evening Snacks","₹ 150-250","3","2","","3","3","2","May be","Formal","Internet","Male","31-40",""
"2017/01/31 4:53:00 PM GMT","Tourist","Evening Snacks","₹ 350+","5","5","3","4","5","4","No","Relaxed","Internet","Female","50+",""
"2017/01/31 4:53:59 PM GMT","Local Resident","Lunch","₹ 150-250","5","4","3","4","4","4","Yes","Relaxed","Recommendation from friends","Female","41-50",""
"2017/01/31 4:54:36 PM GMT","Tourist","Dinner","₹ 250-350","5","5","3","3","4","4","May be","Fast Casual","Internet","Female","50+",""
"2017/01/31 4:57:00 PM GMT","Tourist","Dinner","₹ 250-350","5","4","3","3","4","3","Yes","Fast Casual","Internet","Female","41-50",""
"2017/01/31 4:57:27 PM GMT","Local Resident","Lunch","₹ 250-350","5","4","5","3","4","5","May be","Fast Casual","Internet","","31-40",""
"2017/01/31 5:00:35 PM GMT","Tourist","Dinner","₹ 350+","5","4","3","4","5","4","Yes","Relaxed","Internet","Female","31-40",""
"2017/01/31 5:02:58 PM GMT","Local Resident","Lunch;Dinner","₹ 75-150","4","3","3","2","1","2","Yes","Doesn't Matter","Recommendation from friends","Male","41-50",""
"2017/01/31 5:03:43 PM GMT","Tourist","Dinner","₹ 75-150","5","4","","2","3","1","May be","Formal","Recommendation from friends","Female","31-40",""
"2017/01/31 5:04:19 PM GMT","Tourist","Dinner","₹ 150-250","5","5","","5","5","","May be","Doesn't Matter","Internet","Male","31-40",""
"2017/01/31 5:05:06 PM GMT","Local Resident","Dinner","₹ 75-150","3","5","1","4","1","5","May be","Formal","Random","Male","22-30",""
"2017/01/31 5:06:02 PM GMT","Tourist","Dinner","₹ 75-150","5","4","5","4","4","5","Yes","Fast Casual","Random","Male","22-30",""