"Timestamp","Who are you?","At what time, do you prefer to visit a Restaurant?","How much money do you typically spend per person for a meal at a restaurant in Pondicherry?","When you visit a Restaurant, how important are the following? (5 being the most important)? [Quality of Food]","When you visit a Restaurant, how important are the following? (5 being the most important)? [Friendly/Fast Service]","When you visit a Restaurant, how important are the following? (5 being the most important)? [Special Ordering/Customizing Your Meal]","When you visit a Restaurant, how important are the following? (5 being the most important)? [Convenience/Location]","When you visit a Restaurant, how important are the following? (5 being the most important)? [Price]","When you visit a Restaurant, how important are the following? (5 being the most important)? [Dining Environment]","Would you like to try cuisines that are inspired from different cultures and that are currently unavailable in Pondicherry?","What type of dining room do you prefer?","How do you inform yourself about the restaurants of Pondicherry?","What is your gender?","What is your age?","What is/was your place of stay in Pondicherry?","Please write down your phone no."
"2017/01/21 8:45:32 AM GMT","Tourist","Breakfast","₹ 75-150","1","1","3","1","1","2","Yes","Fast Casual","Random","Male","41-50","Ginger","9840777749"
"2017/01/21 9:53:54 AM GMT","Local Resident","Dinner","₹ 350+","1","1","2","2","2","1","Yes","Relaxed","Recommendation from friends","Male","50+","Saaram","9442397971"
"2017/01/21 10:22:50 AM GMT","Local Resident","Breakfast;Lunch;Evening Snacks;Dinner","₹ 150-250","5","3","4","5","5","5","Yes","Relaxed","Recommendation from friends","Male","22-30","Rainbow Nagar","9042495397"
"2017/01/21 1:12:21 PM GMT","Local Resident","Lunch;Dinner","₹ 350+","5","5","3","4","3","5","May be","Relaxed","Recommendation from friends;Internet","Male","31-40","Venkata Nagar","9943800000"
"2017/01/22 8:33:35 AM GMT","Local Resident","Dinner","₹ 350+","5","4","1","4","3","5","Yes","Relaxed","Recommendation from friends;Internet","Male","50+","Thennansalai Road","9940016467"
"2017/01/24 4:58:50 AM GMT","Local Resident","Lunch;Dinner","₹ 250-350","1","2","2","1","1","1","Yes","Relaxed","Recommendation from friends","Male","31-40","Govinda salai","7904078591"